researcher,speaker
Anya,AL
Anya,AS
Anya,CG
Anya,CH
Anya,CO
Anya,CT
Anya,EM
Anya,HA
Anya,HS
Anya,HW
Anya,IB
Anya,IP
Anya,IS
Anya,JB
Anya,JH
Anya,JK
Anya,JN
Anya,JR
Anya,JW_2
Anya,JW_3
Anya,KM
Anya,LG
Anya,LM
Anya,MS
Anya,MZ
Anya,PB
Anya,PS
Anya,TB
Anya,TS
Anya,VS
Garik,AL
Garik,AS
Garik,CG
Garik,CH
Garik,CO
Garik,CT
Garik,EM
Garik,HA
Garik,HS
Garik,HW
Garik,IB
Garik,IP
Garik,IS
Garik,JB
Garik,JH
Garik,JK
Garik,JN
Garik,JR
Garik,JW_2
Garik,JW_3
Garik,KM
Garik,LG
Garik,LM
Garik,MS
Garik,MZ
Garik,PB
Garik,PS
Garik,TB
Garik,TS
Garik,VS
Margaux,AL
Margaux,AS
Margaux,CG
Margaux,CH
Margaux,CO
Margaux,CT
Margaux,EM
Margaux,HA
Margaux,HS
Margaux,HW
Margaux,IB
Margaux,IP
Margaux,IS
Margaux,JB
Margaux,JH
Margaux,JK
Margaux,JN
Margaux,JR
Margaux,JW_2
Margaux,JW_3
Margaux,KM
Margaux,LG
Margaux,LM
Margaux,MS
Margaux,MZ
Margaux,PB
Margaux,PS
Margaux,TB
Margaux,TS
Margaux,VS
Sasha,AL
Sasha,AS
Sasha,CG
Sasha,CH
Sasha,CO
Sasha,CT
Sasha,EM
Sasha,HA
Sasha,HS
Sasha,HW
Sasha,IB
Sasha,IP
Sasha,IS
Sasha,JB
Sasha,JH
Sasha,JK
Sasha,JN
Sasha,JR
Sasha,JW_2
Sasha,JW_3
Sasha,KM
Sasha,LG
Sasha,LM
Sasha,MS
Sasha,MZ
Sasha,PB
Sasha,PS
Sasha,TB
Sasha,TS
Sasha,VS
